,0,1,2,3,4,5,6,7,8,9,10,11,12,13,14,15,16,17,18,19,20,21,22,23,24,25,26,27,28,29,30,31,32,33,34,35,36,37,38,39,40,41,42,43,44,45,46,47,48,49,50,51,52,53,54,55,56,57,58,59,60,61,62
0,600,392,614,384,630,381,647,387,632,393,615,396,714,379,730,370,747,369,763,374,750,382,732,384,659,482,676,473,689,475,703,470,721,476,739,488,724,500,707,506,693,508,679,509,661,507,651,497,677,489,690,488,704,486,731,489,705,486,691,488,678,488,0
1,592,400,606,393,623,391,640,397,624,403,606,405,708,390,723,383,741,381,757,385,743,394,726,395,651,499,668,493,682,495,695,490,713,494,733,500,716,512,700,518,686,521,671,521,653,519,642,509,669,505,683,506,696,503,725,501,698,502,684,505,670,504,0
2,601,392,615,385,631,382,648,389,632,394,615,397,718,381,734,372,751,370,767,375,753,383,736,385,660,486,677,478,692,480,705,474,724,480,744,490,728,504,710,511,697,513,681,514,662,510,650,499,678,493,693,493,706,491,736,491,708,491,695,494,680,493,0
3,613,383,624,375,640,372,656,375,641,383,626,386,725,368,739,363,756,362,772,367,758,373,741,374,669,467,685,456,697,457,708,453,724,462,741,481,727,486,712,488,700,490,688,491,671,490,662,483,686,472,698,472,709,470,733,480,710,470,698,472,687,472,0
4,612,383,626,375,644,373,661,378,644,385,627,387,729,371,744,363,762,362,777,367,764,374,747,376,673,473,691,463,706,465,719,459,736,466,752,482,739,492,723,497,709,500,694,500,675,499,665,490,692,479,706,479,720,477,743,482,721,478,708,481,693,481,0
5,624,386,639,379,656,378,671,386,655,390,638,391,740,386,756,378,774,379,789,386,775,392,757,392,675,486,693,477,707,481,720,477,738,486,754,500,739,511,721,515,707,516,692,514,675,510,667,499,693,493,706,494,720,494,746,499,720,494,707,495,693,494,0
6,548,299,562,288,582,285,599,293,583,304,564,307,673,284,687,272,708,270,724,277,711,288,691,290,624,426,637,413,646,415,656,410,669,418,684,430,672,429,660,430,650,432,641,434,627,439,620,440,638,433,647,431,657,430,675,430,657,408,648,410,639,412,0
7,571,293,585,286,602,285,616,293,601,298,585,299,684,292,699,283,716,284,731,290,717,298,700,297,621,395,637,387,649,390,661,386,677,393,692,407,677,414,662,417,649,418,637,418,620,415,613,406,637,402,649,403,661,402,684,407,661,398,648,400,637,399,0
8,624,353,637,346,654,343,669,348,655,355,638,357,738,345,752,338,768,339,782,344,769,350,753,350,685,447,700,434,711,436,722,432,736,442,749,461,737,462,724,463,713,465,702,467,686,470,679,466,701,451,712,450,722,449,740,459,723,445,712,447,701,449,0
9,584,297,600,288,620,286,639,294,620,299,601,301,723,290,741,281,761,282,779,289,762,295,743,295,645,407,667,397,684,401,702,395,724,403,746,418,727,434,706,443,687,445,669,444,646,438,635,424,667,417,684,418,703,416,735,419,704,417,686,420,668,419,0
10,579,293,592,285,608,282,624,286,609,293,593,296,696,279,709,272,726,272,741,276,727,283,711,284,644,394,657,381,670,383,680,377,694,384,709,400,698,401,685,403,674,406,662,407,647,411,638,410,658,397,671,396,682,394,702,399,683,385,673,388,661,390,0
11,603,308,619,298,639,295,658,302,639,309,619,312,740,296,757,287,777,286,795,292,780,301,759,302,668,416,689,404,706,408,722,402,744,410,762,428,747,443,726,451,709,453,691,453,669,448,659,435,689,424,706,425,723,423,753,428,724,425,707,428,690,427,0
12,580,280,593,271,609,269,624,276,609,281,594,283,694,272,706,265,723,266,737,272,724,278,708,278,636,372,653,362,665,365,675,361,690,370,704,389,691,395,677,397,666,399,654,399,637,397,628,389,652,379,665,380,675,379,697,387,676,378,666,380,654,380,0
13,568,288,580,279,597,277,613,284,598,289,582,291,680,279,694,270,711,270,726,277,713,283,697,283,622,373,639,364,651,367,664,362,680,370,694,388,681,396,666,400,653,402,640,402,622,400,614,390,639,381,652,381,665,379,686,388,665,381,652,384,639,383,0
14,596,354,607,347,622,343,638,345,625,352,609,356,705,336,718,329,734,328,749,331,736,338,720,339,656,432,673,422,685,423,696,418,713,424,731,437,718,446,702,451,690,454,678,455,660,454,649,447,674,438,686,437,698,435,723,437,699,434,687,437,675,438,0
15,620,355,633,347,649,344,665,349,650,355,634,358,735,344,749,335,766,335,781,340,768,347,751,348,683,451,698,438,710,440,722,434,737,444,751,462,739,463,725,465,713,468,700,469,684,471,676,469,699,455,711,454,723,452,743,460,723,447,711,450,699,451,0
16,601,371,614,364,629,359,648,360,632,368,616,372,717,346,730,340,747,337,764,338,750,346,734,349,668,451,684,438,699,439,711,432,730,437,751,449,737,462,720,470,707,473,692,476,673,476,662,467,686,454,700,453,713,450,743,450,716,450,703,454,689,456,0
17,637,359,651,353,667,350,685,354,669,360,652,362,757,350,773,344,790,345,806,349,791,354,774,355,692,449,710,438,724,441,738,436,757,444,775,462,759,471,742,476,727,478,712,478,693,476,684,466,710,456,725,456,739,455,766,461,741,456,726,458,712,457,0
18,627,361,642,352,658,350,675,355,660,361,643,364,746,348,761,340,778,340,793,345,780,351,763,352,690,446,708,434,721,435,735,430,753,439,768,456,757,466,740,471,725,474,711,474,692,473,681,465,709,452,722,451,737,449,760,455,738,451,723,454,710,455,0
19,600,352,612,344,628,341,643,346,629,352,613,355,709,340,723,332,739,332,754,338,741,344,725,344,654,432,670,420,683,423,694,418,711,428,726,449,713,454,698,456,686,458,673,458,656,458,649,450,671,437,683,437,695,436,717,447,696,437,684,439,672,439,0
20,616,350,629,342,644,337,662,341,647,348,632,352,729,330,743,322,759,321,776,326,762,331,746,333,681,424,699,411,712,412,724,406,743,414,762,428,748,437,733,443,719,446,705,448,686,448,673,441,700,428,714,427,727,424,754,428,729,425,716,428,703,429,0
21,620,368,634,362,651,359,668,363,652,369,635,372,739,357,754,352,771,352,788,354,773,361,756,362,678,459,696,450,710,453,723,447,741,454,759,466,744,477,727,484,712,486,698,486,679,483,669,473,696,467,710,467,724,465,751,466,725,463,711,466,698,465,0
22,626,344,639,338,655,335,671,338,657,343,641,346,742,333,757,328,773,329,789,333,775,337,759,337,683,421,701,409,714,411,728,407,746,417,762,435,749,446,732,451,717,453,703,453,685,450,675,440,702,429,715,428,729,427,753,434,729,430,716,431,702,431,0
23,621,351,633,346,648,343,664,344,650,349,635,352,733,339,748,337,764,338,779,341,765,344,749,344,675,425,693,413,705,415,718,411,734,421,749,442,735,447,720,450,707,452,694,452,676,450,667,444,693,430,706,431,718,430,741,440,719,431,706,433,694,433,0
24,619,364,633,356,650,352,666,356,651,365,634,368,735,347,749,339,767,338,782,343,769,351,752,352,690,464,702,451,713,452,724,447,737,455,751,469,740,468,730,468,719,470,707,472,694,478,687,481,703,469,714,468,725,465,742,468,727,449,716,452,706,453,0
25,610,369,623,362,639,359,655,363,640,369,624,371,725,357,738,352,755,352,770,356,756,361,740,362,665,449,682,438,695,440,707,436,724,446,740,468,726,476,710,479,697,480,684,480,666,478,658,467,683,455,696,455,708,454,733,466,709,460,696,461,683,461,0
26,630,377,643,375,656,375,669,377,657,380,643,381,726,379,739,378,752,378,762,381,752,385,739,384,678,461,695,457,707,461,718,457,732,462,744,471,732,484,718,488,706,488,694,487,677,481,666,471,695,470,707,471,719,471,738,471,718,470,706,472,694,470,0
27,630,380,642,375,655,373,669,377,656,381,642,382,725,375,738,371,752,371,765,375,753,379,739,379,670,454,685,448,697,451,708,447,723,452,740,462,724,471,709,475,697,476,685,476,670,472,662,463,685,460,697,461,708,460,733,462,708,461,697,462,685,461,0
28,617,359,631,351,648,349,664,355,649,361,632,364,735,349,750,341,767,340,782,346,769,353,752,354,672,449,690,439,705,441,719,436,737,443,754,460,740,470,723,475,708,477,693,478,674,476,664,466,691,455,705,455,720,453,746,459,721,455,706,458,692,458,0
29,623,363,637,357,653,355,669,359,654,364,638,366,741,356,756,351,772,352,788,356,773,361,757,361,678,452,696,442,710,444,724,440,741,448,755,465,743,473,727,477,711,479,697,479,679,476,669,469,696,458,710,459,725,457,747,464,725,458,711,460,697,460,0
30,609,370,622,364,639,360,656,362,640,370,624,373,725,355,740,350,757,349,772,352,758,359,742,360,668,452,685,440,699,442,712,437,729,446,745,463,731,471,716,475,702,477,688,478,670,476,662,469,686,457,700,457,713,455,737,462,713,456,701,458,687,458,0
31,590,382,603,378,617,376,631,380,617,384,603,386,692,381,706,378,720,379,732,383,720,388,705,387,636,467,653,461,665,464,676,460,691,467,703,480,691,489,677,492,665,493,652,492,636,487,628,478,652,473,665,475,676,474,696,479,677,474,665,475,652,473,0
32,617,383,630,376,646,374,662,379,647,385,631,387,735,375,750,368,767,368,783,373,769,380,752,380,670,478,686,468,701,471,714,466,731,474,747,493,733,500,717,504,702,506,688,506,670,503,663,495,687,485,701,486,715,484,740,491,715,484,702,486,687,486,0
33,578,393,589,388,603,384,618,385,605,393,591,396,682,381,695,378,710,379,723,382,711,387,696,387,633,486,646,474,654,476,663,471,674,480,685,496,675,494,665,495,655,496,647,498,634,502,629,501,646,490,654,489,663,488,676,494,663,477,654,479,646,481,0
34,597,376,610,368,627,367,642,374,626,379,610,381,711,370,726,362,743,361,759,368,745,375,728,375,650,471,666,462,678,466,690,461,707,469,723,485,708,493,692,495,679,497,667,497,650,494,642,485,666,477,678,478,691,477,716,484,691,477,679,479,666,478,0
35,604,387,618,381,635,378,651,384,635,390,618,392,718,379,734,372,751,372,767,376,752,384,735,384,659,482,675,475,688,478,701,473,718,479,736,488,720,501,704,507,691,510,677,509,660,504,651,492,675,488,689,489,702,488,728,489,703,488,690,490,676,489,0
36,597,379,611,372,628,370,643,377,628,383,611,385,711,372,725,363,743,362,758,368,745,375,728,377,653,474,669,465,683,468,696,463,713,470,729,481,715,492,698,497,684,499,671,499,653,496,645,487,670,480,683,481,697,479,722,482,697,478,684,480,670,479,0
37,599,388,613,382,630,380,645,388,629,394,612,395,712,385,728,376,745,375,761,381,747,390,730,390,649,490,666,484,678,487,691,483,709,488,729,497,711,508,693,513,680,515,667,514,649,510,640,500,666,497,678,498,691,497,721,497,692,496,679,498,667,496,0
38,612,384,626,377,643,374,659,380,643,386,626,388,730,375,745,368,763,368,780,373,764,380,747,380,666,480,683,471,698,474,712,468,730,475,749,488,732,500,715,506,700,509,685,508,667,505,658,494,683,486,698,486,712,485,740,488,713,486,699,488,684,488,0
39,620,393,635,385,652,383,669,389,653,396,635,398,740,384,757,376,774,375,790,380,776,388,758,389,678,490,697,481,710,484,724,478,743,486,762,498,746,509,729,515,714,518,699,518,680,514,669,504,697,497,711,497,725,495,753,498,726,495,712,498,698,498,0
40,597,333,614,326,634,322,656,326,637,336,615,340,741,315,759,307,779,305,798,308,782,318,762,320,669,449,690,438,709,440,725,433,748,439,770,449,754,467,733,476,716,480,697,481,673,476,663,464,691,456,710,456,727,453,761,451,730,451,713,455,694,455,1
41,616,387,630,380,647,377,663,383,647,389,630,391,731,379,746,372,763,372,778,378,764,384,747,384,672,479,690,469,703,472,715,467,731,475,745,491,732,500,716,505,703,507,690,507,672,503,662,494,690,486,703,486,715,485,737,490,715,485,703,488,690,487,1
42,631,368,645,364,659,362,674,367,660,370,645,371,741,368,755,365,769,367,782,372,769,375,755,374,682,457,700,450,713,454,725,450,741,458,754,472,740,480,725,483,712,483,699,482,681,478,671,469,699,464,712,466,725,465,747,471,725,467,712,468,699,466,1
43,602,390,616,385,632,382,650,385,633,391,616,394,720,380,735,374,752,374,768,378,753,384,736,385,660,482,677,473,692,476,705,470,723,477,743,489,726,502,709,508,695,510,679,509,662,505,653,495,677,487,692,488,706,487,734,489,707,487,694,489,678,488,1
44,619,385,633,380,649,378,665,381,649,387,633,389,736,378,752,374,768,374,784,378,769,383,753,383,675,479,693,470,708,472,722,467,738,475,754,490,740,500,723,504,709,506,693,506,675,503,666,494,693,485,708,486,722,484,746,489,723,485,708,488,693,487,1
45,618,389,632,381,649,379,664,386,648,392,632,393,734,386,749,378,766,379,781,386,767,392,750,392,673,487,689,478,700,481,712,477,727,487,741,505,727,513,713,515,701,517,688,516,672,512,664,502,689,493,700,494,712,494,733,504,712,495,700,497,688,496,1
46,625,389,639,382,657,380,673,385,658,390,640,393,742,381,757,375,774,375,788,379,775,386,759,386,687,486,707,476,721,479,735,474,753,481,767,496,755,508,739,512,724,514,709,514,688,511,678,502,707,492,722,493,735,491,759,495,736,492,722,494,708,493,1
47,579,271,591,264,608,260,624,265,609,272,593,275,694,258,708,251,725,251,741,255,727,262,709,263,636,373,649,363,660,366,671,361,687,367,701,380,689,385,676,388,664,391,652,391,639,392,634,389,649,379,661,379,672,377,693,380,674,370,663,372,651,373,1
48,585,295,600,288,619,285,638,291,620,298,601,300,718,286,735,280,753,281,770,286,754,293,736,293,653,411,670,398,683,399,697,394,714,403,730,421,717,424,702,427,687,430,674,431,656,432,647,432,670,416,684,414,698,412,720,420,700,406,686,408,673,410,1
49,574,297,589,288,609,285,627,293,609,299,590,302,708,288,725,279,744,278,762,285,746,293,727,293,638,405,659,393,675,396,690,390,711,399,729,416,714,429,695,436,679,439,662,438,640,434,630,423,659,413,675,414,691,412,720,416,693,410,677,413,661,413,1
50,578,302,594,294,614,292,632,297,614,303,595,306,718,294,735,288,754,288,772,294,756,300,737,300,642,412,664,401,681,405,699,399,721,409,739,429,723,444,702,451,683,453,664,452,642,446,633,432,663,421,681,422,699,420,730,428,700,425,682,428,664,427,1
51,583,295,595,287,612,286,626,294,611,300,595,301,690,290,704,280,721,280,734,287,722,294,705,295,634,388,649,382,662,385,674,380,689,385,705,395,691,405,676,410,664,412,651,411,635,407,625,398,649,396,663,397,675,396,699,396,675,392,664,394,651,393,1
52,569,284,582,276,597,273,613,277,599,283,584,286,680,271,694,264,709,263,724,268,711,274,696,274,629,365,646,353,659,355,672,350,689,357,705,373,693,384,678,390,664,393,650,393,631,392,621,383,647,371,660,370,673,368,697,373,675,370,662,373,649,374,1
53,651,351,665,345,681,344,697,349,681,354,665,356,766,348,782,342,798,342,814,347,799,353,783,353,702,442,720,433,733,436,746,432,764,440,781,454,766,463,748,467,734,469,720,468,702,464,692,456,719,450,733,451,747,450,774,454,747,448,734,450,720,449,1
54,604,357,616,350,632,345,649,349,634,356,617,360,716,340,729,334,746,332,760,335,747,343,732,345,668,445,685,436,699,438,709,432,726,435,744,444,730,455,716,461,704,464,690,465,671,463,660,456,686,449,699,449,711,446,738,444,713,447,701,450,688,450,1
55,593,339,605,333,619,329,635,332,621,338,607,341,701,328,714,324,730,325,745,329,731,334,716,333,641,410,656,399,669,401,680,397,696,407,711,428,698,433,683,436,670,437,657,437,642,435,635,428,656,416,669,416,681,416,703,426,681,416,669,418,657,417,1
56,630,347,643,340,658,336,676,338,661,344,645,348,745,333,760,328,776,329,790,333,777,337,762,337,691,423,710,410,723,411,736,407,753,417,766,437,755,448,739,454,725,456,712,457,692,454,683,443,711,430,723,429,737,427,758,435,737,432,724,435,711,435,1
57,630,363,643,357,659,355,675,360,660,365,643,367,744,358,759,352,776,352,790,358,777,363,760,363,682,450,700,440,714,443,727,438,744,447,760,464,745,473,729,477,714,479,701,479,683,476,674,467,700,457,713,457,727,456,752,463,728,457,714,458,701,458,1
58,609,369,621,361,637,357,653,361,638,369,623,372,723,354,736,348,753,348,769,353,755,359,738,360,667,454,682,443,695,445,707,440,723,449,738,470,725,476,710,478,698,480,685,481,669,480,661,472,683,459,696,460,708,458,731,468,708,459,697,461,684,461,1
59,570,302,586,295,605,292,623,298,605,305,586,307,707,295,724,289,744,290,762,295,745,302,725,302,626,412,646,400,663,404,678,399,699,409,716,433,699,444,679,450,663,452,646,451,626,445,619,430,646,421,663,422,678,421,707,431,679,425,663,427,646,426,1
60,598,299,613,291,633,287,651,292,633,300,615,303,733,287,750,280,770,280,788,285,771,293,752,293,662,403,681,391,697,395,711,389,731,400,749,422,733,432,714,436,698,438,682,438,663,433,655,421,681,411,697,412,711,411,741,420,712,411,698,413,682,412,1
61,558,285,570,276,587,273,603,279,588,286,572,288,671,274,685,265,703,265,718,271,704,278,688,279,613,374,630,363,642,365,653,360,670,369,685,388,671,394,656,397,645,399,632,399,615,397,606,389,630,379,643,379,654,377,677,386,654,378,643,380,631,380,1
62,572,288,585,281,601,278,617,282,602,288,587,291,686,278,700,272,716,272,731,277,718,282,702,283,630,373,647,362,659,365,671,361,688,369,702,386,690,394,674,397,661,399,649,399,631,398,621,389,647,379,659,380,672,379,695,385,673,379,660,381,648,381,1
63,612,362,626,356,643,352,661,355,644,362,627,366,733,347,747,341,765,340,782,342,767,349,750,351,676,454,694,443,709,446,722,439,740,445,760,456,745,469,728,475,714,478,699,479,679,477,667,469,695,459,710,459,723,456,752,457,725,456,712,459,697,460,1
64,634,355,648,348,665,345,682,349,666,356,649,358,754,345,769,339,787,339,802,344,788,350,771,350,692,442,710,430,724,433,737,427,753,437,768,457,755,465,740,469,726,471,712,471,693,469,685,460,710,448,725,448,738,447,759,456,738,448,725,451,711,451,1
65,627,369,640,363,657,361,673,364,658,372,641,374,747,359,762,354,779,355,794,358,780,366,763,366,688,481,703,470,714,472,726,468,741,476,757,491,744,492,729,492,717,493,705,494,689,496,682,496,703,487,714,487,727,486,749,490,728,473,716,474,705,474,1
66,613,353,627,347,643,343,659,346,644,353,628,356,730,340,744,335,761,335,775,338,762,344,745,344,677,451,691,435,704,436,716,430,729,440,742,460,733,465,721,467,709,470,696,472,680,476,673,471,692,453,705,451,717,449,734,459,719,449,707,451,694,453,1
67,622,357,634,350,649,347,665,351,651,356,636,359,733,346,747,341,763,342,777,346,764,350,749,351,676,435,694,425,707,427,719,422,736,431,752,447,738,456,722,460,708,462,695,463,677,461,668,453,694,441,707,441,720,440,744,446,720,442,707,444,695,444,1
68,614,357,627,349,644,345,660,350,644,356,628,359,731,343,745,337,762,337,776,341,763,348,747,348,681,455,695,440,707,442,718,435,731,445,744,462,734,464,723,466,711,468,699,470,684,474,677,473,696,456,708,455,719,453,736,461,721,448,710,451,698,453,1
69,635,358,649,350,666,348,682,353,666,360,650,362,755,350,770,343,787,344,803,349,788,355,771,355,692,450,710,439,722,441,735,437,751,447,767,466,753,474,737,476,724,478,711,478,693,475,684,466,710,456,723,456,735,455,759,465,736,455,723,457,710,457,1
70,618,356,630,350,644,347,660,349,645,355,631,357,727,344,741,341,756,341,772,344,757,349,742,349,670,438,685,426,696,427,707,423,721,432,736,451,722,452,709,453,699,455,687,457,672,458,665,456,685,442,697,441,708,440,727,449,708,436,697,438,686,439,1
71,601,331,605,331,609,331,611,333,608,333,605,333,629,334,633,332,636,332,639,333,636,334,633,335,614,368,620,368,624,369,628,368,632,368,634,368,631,373,627,375,623,375,619,374,613,372,609,368,620,370,624,371,627,370,633,368,627,371,623,371,619,371,1
72,610,368,623,361,639,357,656,360,641,366,625,369,724,354,738,349,755,350,770,353,756,358,740,358,670,448,686,437,699,438,711,434,727,443,741,464,729,472,715,476,702,478,689,479,671,477,662,467,687,454,700,454,712,453,734,462,713,455,701,458,688,458,1
73,615,370,628,363,644,359,660,364,645,370,629,373,730,361,745,355,761,355,777,360,763,366,746,366,668,459,685,447,697,450,709,445,725,456,739,478,726,483,711,485,698,487,685,487,668,484,661,477,685,465,698,466,710,465,731,476,710,465,698,467,685,466,1
74,631,364,646,357,664,355,681,362,664,368,646,369,753,357,770,350,788,350,804,355,789,363,771,363,688,464,707,455,722,459,735,454,754,460,774,473,756,487,738,493,724,495,708,494,689,489,679,477,707,472,722,473,736,471,765,473,737,470,723,472,708,471,1
75,613,361,626,353,644,349,661,355,645,362,627,365,733,345,747,337,765,335,781,339,768,347,750,349,676,452,695,441,710,443,723,437,742,443,761,456,746,467,729,473,715,476,700,478,679,477,667,468,696,458,711,457,724,454,753,456,726,454,712,457,698,458,1
76,628,363,642,357,659,354,675,357,660,364,644,367,745,352,762,346,778,346,794,349,780,356,763,356,687,455,704,446,717,448,730,442,748,449,766,461,751,471,735,477,720,479,707,480,688,478,677,468,704,462,717,461,731,459,757,461,732,458,718,460,706,460,1
77,610,356,623,350,638,346,655,347,640,355,624,358,726,339,740,334,757,334,772,337,758,343,742,344,673,447,687,434,699,435,710,429,726,437,742,453,729,455,715,458,703,460,691,462,676,465,667,464,688,449,700,448,711,446,733,453,713,440,701,443,690,444,1
78,611,364,624,355,641,352,657,358,642,365,625,368,727,351,741,342,760,342,776,346,761,355,744,356,671,458,686,448,697,450,708,445,725,453,742,471,728,480,713,484,701,486,689,487,673,485,665,475,687,462,698,462,709,460,734,470,710,465,699,467,688,467,1
79,606,363,619,356,635,350,653,352,637,360,621,364,722,340,736,333,753,331,770,334,756,341,740,343,673,446,689,433,704,434,717,428,735,433,754,446,741,456,725,463,711,467,696,468,677,469,665,463,691,450,706,449,719,446,746,446,721,445,707,448,693,450,1
80,604,351,616,344,630,341,645,344,632,350,618,354,710,338,723,332,738,332,751,337,739,342,724,342,661,438,675,426,685,427,695,422,708,430,721,444,711,449,700,452,689,454,679,456,664,458,657,454,676,440,685,439,696,437,714,444,698,436,687,439,678,441,1
81,646,363,661,356,678,354,696,358,679,364,661,367,769,354,785,348,803,348,818,352,804,359,787,359,704,455,724,444,739,447,753,442,771,450,786,466,774,476,757,482,741,484,726,485,705,481,696,472,724,462,739,462,754,461,778,465,755,461,740,464,725,463,1
82,650,345,663,339,678,336,694,338,679,344,664,347,768,337,780,334,796,336,810,340,796,344,781,343,708,434,726,423,738,424,750,420,764,431,776,452,764,455,751,457,739,458,726,459,709,459,698,453,725,439,738,439,750,438,768,449,750,438,739,440,726,440,1
83,618,360,632,354,648,351,665,354,649,361,633,364,734,349,750,343,767,343,782,348,768,354,751,354,673,445,690,433,703,436,716,432,733,441,748,459,734,467,718,471,704,473,691,473,673,471,664,462,691,451,704,451,717,450,740,458,717,452,704,454,691,453,1
84,619,355,633,347,649,345,665,350,650,356,634,358,736,346,750,339,767,339,782,345,769,350,752,351,678,446,695,434,708,436,720,432,736,442,751,462,738,469,723,472,710,474,697,474,679,473,669,464,696,450,708,450,721,449,743,461,721,454,709,456,696,456,1
85,645,370,659,363,676,361,692,367,677,372,660,374,760,363,775,356,791,356,806,361,792,367,776,368,701,460,719,451,733,454,746,449,764,457,782,468,766,481,749,486,735,488,721,487,702,483,690,472,720,467,733,467,747,466,774,468,747,466,734,468,720,468,1
86,600,368,613,361,630,358,646,362,631,368,615,370,714,356,729,349,746,349,762,354,748,359,731,360,657,450,674,439,686,442,700,436,718,445,735,460,721,470,704,474,690,476,677,477,659,476,649,467,674,456,687,456,701,454,727,460,702,454,688,457,676,457,1
87,614,367,626,361,640,358,656,360,641,367,627,369,723,355,737,350,753,350,769,353,754,359,739,360,666,452,680,441,691,443,702,438,717,447,732,465,719,473,704,476,693,478,681,478,667,476,660,467,681,457,692,457,703,456,725,464,703,456,692,458,681,458,1
88,613,368,627,361,643,358,659,363,644,369,627,372,729,358,743,352,761,352,776,356,762,363,745,363,673,457,691,446,704,449,716,444,732,452,746,470,733,477,718,480,705,482,692,482,673,480,664,473,691,463,704,463,717,462,739,469,717,461,704,463,691,463,1
89,549,362,562,359,577,355,595,357,579,363,563,365,663,350,677,346,692,345,707,346,694,353,678,353,607,464,622,458,638,461,651,455,668,458,687,464,672,478,656,484,642,486,626,486,609,483,598,473,623,469,638,470,652,467,681,465,654,468,641,471,625,470,1
90,549,361,564,359,581,356,600,357,583,364,565,366,675,350,691,347,708,346,725,346,710,354,692,355,610,478,628,473,643,476,658,470,676,472,697,475,680,494,662,502,646,504,631,504,611,498,601,485,628,485,644,486,659,483,689,478,661,484,646,487,630,485,1
91,562,346,575,342,590,340,606,341,591,347,576,349,677,338,690,335,706,335,721,337,707,342,691,342,610,450,626,444,640,447,654,442,671,446,689,454,673,467,656,474,642,476,628,475,611,470,602,457,627,455,640,456,654,454,682,454,655,457,642,458,628,457,1
92,576,346,589,342,604,340,619,342,605,347,590,349,689,340,703,337,718,339,732,343,718,346,703,346,623,447,641,440,654,444,669,440,686,446,701,456,687,466,669,472,654,473,640,471,623,467,612,457,640,453,654,455,668,453,695,455,669,455,655,456,641,455,1
93,547,338,559,333,574,330,591,333,575,340,559,342,659,328,673,325,690,325,704,329,690,334,674,334,593,432,608,426,623,429,637,424,655,429,674,440,657,450,639,454,625,456,609,455,593,452,586,443,608,438,623,439,638,437,667,440,638,438,624,439,609,438,1
94,533,353,545,351,561,347,577,347,563,354,547,357,650,341,664,338,680,338,695,339,681,345,666,346,587,457,602,450,616,453,630,448,649,452,669,459,652,473,634,480,619,482,604,482,588,477,580,466,603,463,617,464,631,461,661,460,632,462,618,464,604,463,1
95,581,396,596,392,613,389,632,391,615,397,597,400,707,385,722,381,739,381,755,383,741,389,723,390,644,510,663,504,677,506,691,501,708,504,726,511,712,526,694,534,679,536,665,536,646,531,634,520,663,515,678,516,692,513,719,513,693,517,679,519,664,519,1
96,480,370,489,364,501,368,509,382,498,384,485,380,560,394,572,385,589,385,601,395,588,401,572,400,503,496,513,496,525,501,539,500,561,505,585,516,563,530,541,534,527,532,513,527,502,516,499,502,513,506,525,510,539,511,578,515,540,519,526,517,513,512,1
97,611,387,625,382,642,380,658,384,643,391,625,393,731,379,745,373,762,372,777,375,763,383,747,383,669,497,685,490,701,494,715,488,733,492,751,499,736,513,719,521,703,523,688,522,670,518,660,506,686,503,701,504,716,501,744,500,717,503,703,505,687,504,1
98,584,401,594,395,610,391,626,392,612,400,597,404,698,381,712,375,728,373,744,374,730,383,714,384,642,505,656,498,672,501,685,494,706,496,730,500,712,515,692,524,677,527,662,527,645,524,636,513,658,509,673,509,687,506,723,502,689,507,675,510,659,510,1
99,567,353,570,336,582,336,594,346,584,351,572,354,632,338,642,322,658,321,674,331,661,337,644,339,573,449,577,440,586,442,597,437,619,441,641,453,623,471,605,481,592,484,583,484,577,478,579,465,580,451,588,450,600,448,633,454,602,465,590,468,582,468,1
100,612,406,626,402,642,400,659,405,643,410,626,412,732,400,746,394,762,393,779,396,764,403,747,404,667,522,685,517,699,521,714,515,732,516,752,519,736,535,718,544,703,547,687,546,668,539,657,526,685,529,700,530,715,527,745,522,717,526,702,528,687,527,1
101,555,276,567,273,582,270,598,271,583,277,568,279,672,270,686,267,702,268,716,271,702,276,686,275,601,384,617,378,631,381,644,377,662,381,681,390,664,401,647,408,633,409,618,408,601,404,593,392,616,390,631,391,645,390,673,391,646,391,633,393,618,392,1
102,584,340,596,335,610,334,624,340,610,344,596,346,680,334,691,326,706,323,719,325,708,333,694,335,641,429,654,423,665,425,676,420,690,422,705,426,695,440,681,447,669,450,657,450,643,446,636,437,654,435,666,435,677,432,700,427,679,432,668,435,656,434,1
103,605,332,615,327,626,325,639,327,627,332,615,334,696,322,707,319,720,319,731,322,720,326,708,326,641,410,654,404,666,406,677,402,692,406,706,416,695,424,680,429,668,430,656,430,643,427,637,419,654,415,666,415,678,414,701,416,679,415,668,416,655,415,1
104,596,245,611,244,627,245,643,249,626,251,609,250,715,261,732,263,748,268,761,274,745,274,730,269,631,358,651,356,666,361,683,359,699,367,714,380,696,387,678,389,661,388,645,384,627,375,618,364,649,367,664,371,681,372,706,378,680,373,664,372,649,368,1
105,543,284,555,279,570,276,585,280,571,285,556,287,654,277,668,273,683,274,696,278,683,283,669,282,590,382,606,375,620,378,633,373,651,379,668,389,653,399,636,405,622,407,607,406,591,402,583,392,606,387,620,388,634,387,661,389,635,388,622,390,607,389,1
106,605,303,621,298,640,297,658,304,640,310,621,311,729,299,743,291,762,289,778,293,764,302,745,303,667,423,684,419,699,423,712,418,730,418,750,420,734,439,716,447,701,449,686,448,668,441,659,428,685,430,699,431,713,428,742,422,714,430,701,432,686,430,1
107,614,299,627,296,642,293,659,295,644,300,628,302,729,291,742,288,758,288,773,290,759,295,743,295,666,406,683,400,698,403,710,398,727,401,744,409,730,421,714,428,700,430,685,429,668,424,657,415,683,411,698,412,711,410,738,410,713,412,700,414,685,413,1
108,585,280,596,271,610,268,623,272,612,276,598,280,683,264,694,257,708,257,721,261,709,263,697,264,634,364,646,350,657,351,668,347,687,355,704,378,693,398,679,409,666,412,654,413,640,407,634,390,649,365,659,362,671,361,696,378,674,394,662,396,652,397,1
109,565,321,580,317,596,315,613,319,597,324,580,326,681,314,695,309,711,308,726,310,713,317,697,317,623,424,641,417,655,421,668,416,685,419,702,424,688,440,671,448,657,450,643,449,624,444,613,432,641,430,656,431,669,429,695,426,670,431,656,432,642,432,1
110,567,325,580,322,595,318,613,319,598,325,582,328,680,310,694,307,708,307,723,307,710,313,695,314,626,423,643,415,657,418,671,412,686,415,703,422,690,437,675,444,661,446,646,446,628,444,618,433,643,429,658,428,671,426,696,424,673,427,659,429,645,429,1
111,572,285,582,278,595,274,610,276,597,282,584,286,675,270,689,266,704,268,717,273,704,275,690,274,613,371,628,358,642,360,655,355,673,364,688,390,676,408,660,418,646,420,632,421,616,415,613,397,630,372,643,371,656,369,679,390,657,402,644,405,630,405,1
112,557,258,567,249,580,246,595,249,582,255,569,259,656,247,669,241,684,243,696,250,684,253,669,251,601,353,615,343,626,347,638,343,653,351,664,371,654,381,640,385,628,386,616,385,602,381,599,372,615,355,627,356,638,355,657,369,639,369,628,370,615,369,1
113,529,276,541,271,556,267,573,269,558,275,543,278,641,263,656,260,671,260,685,263,672,268,656,268,580,369,595,362,610,364,624,359,641,363,660,373,645,383,628,388,613,390,598,390,582,387,573,379,596,374,611,374,625,372,653,373,626,373,612,375,597,374,1
114,571,309,586,305,601,305,617,310,601,313,585,313,689,311,703,308,719,309,733,314,719,318,703,317,616,424,635,420,649,424,663,420,678,425,694,433,679,444,663,449,648,450,633,448,614,442,603,431,634,431,649,433,663,432,686,433,663,432,649,433,635,432,1
115,557,328,571,324,587,322,603,327,588,331,571,333,670,324,684,320,700,320,713,324,700,330,685,330,609,436,625,431,640,435,654,430,670,433,686,441,671,454,656,460,641,461,626,460,609,455,599,443,625,442,640,444,654,442,680,441,655,444,641,445,626,443,1
116,569,370,582,367,597,365,613,367,598,372,583,374,683,364,696,361,712,362,726,364,712,369,697,369,619,476,636,470,650,473,663,468,680,473,695,480,681,493,665,501,651,502,636,501,619,495,611,483,636,482,650,483,663,481,688,481,664,483,651,485,637,483,1
117,567,328,582,324,598,322,614,324,599,330,582,332,690,322,706,320,722,321,736,325,722,329,706,328,620,438,638,431,653,435,667,430,685,436,703,446,687,456,668,462,653,463,638,463,620,459,609,448,638,444,652,445,667,444,695,446,668,445,653,446,639,445,1
118,574,346,588,345,604,343,621,343,605,348,589,350,700,343,716,342,732,343,747,345,731,350,715,348,623,466,642,461,658,466,674,461,692,465,710,473,694,486,675,493,658,494,642,492,623,485,613,473,641,473,658,475,674,474,703,473,675,475,660,476,643,474,1
119,554,354,568,350,584,347,601,349,585,355,568,358,677,345,691,342,708,342,724,344,709,350,692,350,609,469,627,462,642,465,657,460,675,464,693,472,678,487,660,495,644,497,628,496,609,490,601,477,626,476,642,477,657,475,685,473,659,475,644,477,628,476,1
120,563,320,573,310,587,306,602,309,589,316,575,320,665,303,678,297,693,299,706,305,694,308,679,308,610,407,625,395,637,398,649,393,666,402,678,424,670,443,654,453,642,454,629,454,612,447,606,429,627,410,638,410,650,409,671,424,652,434,640,436,628,436,1
121,523,382,539,379,557,377,576,382,558,388,539,389,650,378,665,371,684,370,701,371,685,380,667,381,589,503,605,500,619,504,633,498,652,498,674,498,656,518,638,528,623,531,608,529,590,520,580,506,605,510,620,511,634,508,667,501,636,510,622,513,607,511,1
122,586,382,600,377,615,375,633,377,617,382,601,384,707,375,722,371,738,372,752,376,739,380,723,379,641,493,660,487,676,490,691,485,708,488,725,497,711,508,694,515,678,517,662,517,642,514,630,503,660,499,676,500,692,498,718,498,693,498,677,500,661,500,1
123,594,415,608,410,624,408,640,413,625,418,608,420,710,409,724,404,740,403,755,407,741,413,725,413,648,523,664,518,679,521,693,516,710,519,728,525,713,539,696,546,681,548,666,547,649,542,640,530,664,529,679,530,693,528,722,526,695,529,681,531,666,529,1
124,602,280,618,278,635,280,650,288,633,290,615,288,715,299,732,297,748,300,760,308,746,311,730,307,634,404,655,403,669,409,684,407,699,413,710,421,695,432,678,436,663,434,648,431,629,422,620,409,652,415,667,419,682,419,703,421,681,419,666,418,651,415,1
125,489,293,500,281,516,277,534,282,519,289,503,293,604,270,618,261,635,259,650,265,637,271,620,272,549,388,564,379,581,380,595,375,616,377,636,387,621,399,603,407,587,410,571,411,552,410,542,402,566,392,582,392,597,388,629,388,599,390,584,393,568,394,1
126,565,311,581,309,597,309,614,312,597,316,580,316,688,317,704,316,719,318,732,323,718,326,703,324,613,429,634,424,649,429,664,425,681,431,696,441,679,453,661,458,646,458,630,456,611,449,599,436,633,437,648,440,663,440,689,441,662,440,648,440,633,438,1
127,576,307,592,305,610,305,627,311,609,313,591,313,700,317,717,314,733,316,746,322,732,326,715,323,621,430,642,426,659,431,674,427,689,433,704,444,688,456,671,461,655,460,638,458,618,450,607,437,640,439,657,442,672,441,698,443,672,442,658,442,641,439,1
128,552,329,567,324,583,323,600,328,584,333,566,334,668,324,682,319,699,318,713,322,700,328,683,328,605,436,621,431,636,434,650,429,666,433,682,441,669,453,653,459,639,461,623,460,606,455,597,444,621,442,636,443,650,441,676,441,652,442,638,444,623,442,1
129,563,361,577,356,594,354,610,359,595,365,577,367,677,355,692,349,709,348,723,351,710,359,693,359,618,467,634,461,649,464,662,459,679,462,696,469,682,481,666,488,651,490,636,490,619,485,610,475,635,473,649,474,663,471,690,470,664,472,651,474,636,472,1
130,563,337,572,329,584,324,599,325,587,331,575,335,659,318,671,314,684,315,697,320,685,322,672,321,606,409,621,396,633,397,645,393,663,403,676,427,668,446,652,455,639,457,627,458,611,452,605,434,623,411,635,409,647,408,669,427,649,438,637,440,625,440,1
131,568,334,580,326,596,325,610,332,596,336,581,337,677,330,690,322,706,323,718,330,706,335,691,334,613,428,629,421,643,425,657,420,674,426,691,439,676,448,659,450,644,451,630,451,613,448,603,439,629,434,643,435,657,434,684,438,658,434,644,435,630,434,0
132,569,318,583,313,600,311,617,316,601,322,583,323,696,315,710,309,728,309,742,314,728,321,711,320,622,434,640,427,656,430,670,426,689,431,710,442,692,453,673,457,658,459,642,458,623,455,611,444,640,440,655,442,670,440,703,442,673,441,658,442,643,441,0
133,558,341,570,335,586,333,602,338,587,344,571,346,670,333,684,328,700,328,714,332,701,338,685,338,608,442,625,436,640,438,653,434,671,438,689,447,674,461,657,468,642,470,626,470,608,465,598,450,625,446,640,446,654,444,682,447,656,450,641,452,626,452,0
134,556,337,569,331,585,329,601,334,585,340,569,342,672,331,687,325,703,325,718,330,704,336,687,336,606,443,622,436,636,439,650,434,667,439,686,450,669,461,652,467,638,468,623,468,606,464,597,453,622,449,636,450,651,448,679,450,651,449,638,451,623,450,0
135,555,332,568,327,583,325,599,330,584,335,568,337,671,327,686,322,702,322,716,327,703,333,686,332,604,439,620,432,635,436,648,431,666,436,684,448,668,459,650,464,635,466,620,465,604,461,596,449,619,446,634,447,649,445,676,448,650,446,636,448,621,446,0
136,548,328,560,320,574,317,589,323,575,328,561,330,658,317,671,310,687,310,700,316,687,321,672,321,592,417,607,408,622,410,636,406,654,412,674,426,658,434,640,439,625,441,610,441,594,438,586,430,608,423,623,423,637,421,666,425,639,422,624,424,609,424,0
137,612,324,623,318,637,317,649,323,637,327,623,328,706,322,717,315,731,315,742,320,732,326,718,326,651,410,665,404,676,407,687,403,701,409,714,418,703,426,688,429,677,430,664,430,650,426,644,418,664,415,676,416,687,415,709,418,688,414,677,415,665,415,0
138,560,263,572,257,587,256,603,261,587,266,572,267,673,261,688,257,704,258,719,264,704,269,688,268,597,363,613,357,627,361,641,357,659,363,678,376,660,384,642,387,627,388,612,387,596,383,589,372,613,368,627,370,641,369,670,375,642,370,628,371,613,370,0
139,572,282,585,277,601,277,617,283,602,286,585,287,687,284,701,277,717,278,731,284,718,288,702,288,620,390,638,383,651,387,665,383,682,389,698,398,683,410,666,416,651,417,637,415,619,409,608,399,638,397,651,398,665,397,691,399,665,399,652,400,638,399,0
140,510,263,521,257,535,252,551,253,538,261,523,265,623,243,636,238,652,237,667,240,654,246,638,247,556,350,571,340,586,342,600,336,621,341,642,354,626,365,607,372,591,375,576,376,559,374,552,365,573,357,587,356,602,353,633,354,604,353,589,355,574,356,0
141,529,266,542,262,556,261,571,265,556,269,541,269,643,267,657,264,673,266,687,271,672,274,657,272,564,367,581,362,595,366,608,362,625,368,645,379,626,386,609,389,595,390,580,388,564,384,556,375,580,373,594,375,608,374,638,379,609,374,595,375,581,373,0
142,521,274,532,268,546,266,562,270,547,275,532,277,633,267,645,262,662,263,676,268,662,272,646,271,560,370,575,363,590,367,604,362,622,367,641,380,624,389,606,393,591,394,576,394,561,390,555,381,575,376,590,377,604,376,633,380,605,375,591,376,576,375,0
143,613,275,625,266,641,263,656,268,642,274,626,277,724,261,736,253,752,253,765,259,753,264,738,265,667,365,681,356,696,359,710,353,726,359,743,372,729,380,714,385,699,387,684,388,668,387,660,378,682,370,697,370,710,368,735,371,712,368,698,370,683,370,0
144,592,289,603,280,620,277,637,283,622,289,605,292,706,273,718,264,735,263,750,268,738,275,721,277,649,389,666,380,680,383,694,377,712,381,732,391,717,402,700,408,685,411,670,412,652,410,641,401,666,394,681,393,695,391,724,392,697,391,683,394,668,394,0
145,582,307,593,299,608,297,623,302,610,307,595,309,688,294,700,286,715,285,728,291,717,296,702,297,634,394,650,385,663,388,676,383,693,389,709,401,696,412,679,418,666,420,652,420,635,417,627,407,650,401,663,401,677,399,702,401,678,400,664,402,651,402,0
146,592,300,604,293,619,291,634,298,620,302,605,303,701,295,713,287,728,286,742,292,730,297,715,298,639,398,658,391,672,395,684,390,701,394,719,400,703,411,686,417,673,418,658,417,640,414,627,405,657,403,672,404,685,402,713,402,686,402,673,403,658,403,0
147,533,259,545,251,560,249,577,254,562,259,546,261,644,252,658,246,674,247,688,253,675,257,659,256,576,351,595,343,610,347,625,342,645,349,663,362,646,371,628,375,612,377,596,376,577,372,567,364,595,356,610,357,626,356,655,361,627,358,611,359,596,358,0
148,532,263,543,254,557,251,572,256,558,262,544,264,635,252,649,245,664,246,677,253,664,256,649,256,571,339,584,331,598,333,612,329,629,335,647,349,631,355,614,358,600,360,586,360,572,359,564,352,585,344,599,344,613,343,640,348,613,344,599,345,585,345,0
149,495,290,506,281,522,277,539,281,524,288,508,292,609,271,622,263,638,261,653,266,641,272,625,274,553,381,569,370,584,372,596,366,616,370,635,382,621,393,603,399,589,402,575,403,556,402,546,394,570,385,585,384,598,381,628,382,600,381,587,384,572,385,0
150,486,303,499,295,516,291,535,296,519,302,501,305,608,284,622,275,639,273,655,276,642,285,625,287,553,411,570,404,586,406,601,399,619,401,639,408,625,423,607,432,592,436,575,437,556,435,545,423,571,417,588,417,603,413,632,409,604,414,589,417,573,418,0
151,552,339,567,333,584,334,600,343,583,347,565,347,669,344,683,335,700,334,715,340,702,348,684,348,604,458,622,455,635,459,648,455,664,457,682,462,665,477,649,485,635,486,621,484,603,476,592,462,621,465,635,467,648,465,675,463,649,467,636,468,622,466,0
152,558,323,572,318,588,317,603,323,588,327,571,328,671,320,684,314,700,314,713,319,701,325,685,325,609,428,626,422,640,426,653,421,668,426,684,436,670,445,655,450,641,452,627,451,610,447,599,438,626,435,640,436,653,434,678,435,654,435,641,436,627,435,0
153,554,322,567,318,582,316,598,319,582,323,567,325,666,316,679,313,694,313,708,316,695,321,680,321,604,426,620,421,635,425,647,419,663,423,679,431,665,442,650,449,636,451,622,450,604,445,594,434,620,432,635,434,648,432,673,431,649,432,636,434,621,433,0
154,556,338,570,332,587,330,602,338,587,344,570,345,674,335,688,326,705,325,720,331,706,339,689,340,607,450,624,443,638,447,652,442,669,446,688,455,672,466,654,472,639,473,625,473,607,469,599,458,624,455,638,457,652,455,681,456,653,455,639,457,625,456,0
155,557,333,570,325,587,322,601,330,587,336,571,338,669,325,684,317,701,317,714,324,702,331,685,330,605,432,620,425,634,427,648,423,667,428,685,439,670,449,652,454,637,455,622,455,606,452,596,442,620,438,635,438,649,436,678,439,651,438,636,439,622,438,0
156,559,325,572,318,588,316,604,321,589,328,572,330,674,318,688,311,705,312,718,318,705,324,689,323,609,424,625,415,639,419,653,414,669,420,687,434,671,442,655,446,641,448,626,447,609,444,601,435,625,430,639,431,653,429,679,433,654,428,641,430,626,429,0
157,550,323,561,311,577,310,593,319,578,323,562,325,660,315,673,303,691,304,704,314,691,318,674,318,596,415,612,405,627,408,641,403,659,410,675,426,661,432,645,436,630,438,614,438,597,436,589,429,612,420,627,420,642,419,668,424,643,419,629,420,614,420,0
158,565,301,578,296,593,295,608,299,593,302,578,303,676,301,690,298,705,300,717,305,705,308,690,306,607,396,625,390,638,394,651,390,668,396,685,408,669,416,652,419,638,420,624,419,606,415,597,404,624,403,638,404,651,404,678,408,652,404,639,404,625,403,0
159,574,350,587,344,603,343,617,349,603,355,587,356,685,349,699,343,715,343,728,349,716,356,700,355,620,451,637,445,649,448,661,445,677,451,694,461,679,470,662,474,649,474,636,473,619,469,610,459,636,458,649,459,661,458,687,461,662,459,650,459,637,458,0
160,562,342,573,336,588,334,602,339,588,345,573,347,668,335,681,329,697,329,710,334,698,340,682,340,607,437,621,429,635,431,647,427,663,432,680,444,666,452,650,457,637,458,623,459,607,456,599,447,621,442,635,443,648,441,673,443,649,440,637,441,623,441,0
161,572,334,585,329,600,328,615,334,601,336,585,337,683,336,698,332,713,334,726,340,712,343,698,341,611,428,630,422,644,426,659,423,677,430,694,442,677,451,658,455,643,455,628,453,610,447,600,437,629,434,644,436,658,435,687,442,658,438,644,438,629,436,0
162,573,334,586,328,602,327,616,334,602,337,586,338,683,334,697,329,712,330,724,337,712,342,697,340,614,429,632,423,645,427,658,423,675,430,692,441,675,448,659,451,644,452,631,451,613,446,602,438,631,436,644,437,658,437,685,441,658,436,645,436,631,435,0
163,565,317,580,311,597,309,613,315,597,320,580,322,688,314,704,308,720,309,734,315,721,320,705,319,617,425,636,417,649,420,664,416,681,423,701,434,683,444,666,448,651,449,636,448,617,445,606,436,635,431,649,433,664,431,693,434,665,431,651,432,636,430,0
164,573,331,588,324,607,322,624,333,607,338,588,338,700,332,716,322,734,321,748,330,735,337,717,336,629,457,649,452,665,456,680,451,698,455,717,464,700,479,682,485,666,486,649,485,629,479,618,466,649,465,665,467,681,465,709,464,682,466,666,467,649,466,0
165,551,311,562,301,578,298,595,304,579,310,564,313,665,298,678,289,695,289,710,296,696,301,680,301,598,402,613,393,630,396,644,390,663,396,680,411,666,419,648,423,633,426,617,426,600,424,592,415,614,408,630,408,645,406,672,410,646,407,632,409,616,408,0
166,552,321,563,311,578,309,595,314,580,320,564,323,665,308,678,300,695,300,709,306,696,311,680,312,601,417,616,409,632,411,646,405,664,410,684,424,668,432,651,437,635,439,620,439,602,438,593,430,617,422,632,422,647,420,676,423,649,420,634,422,618,423,0
167,560,332,571,326,586,324,602,329,587,334,572,336,671,325,684,319,699,319,713,324,700,329,685,329,607,432,623,424,637,427,650,422,668,427,686,439,671,449,653,453,639,455,625,455,608,452,598,442,623,437,637,438,651,436,679,438,652,437,639,438,625,438,0
168,550,311,561,297,578,295,593,308,578,313,561,314,660,303,674,289,692,288,705,300,693,306,675,306,596,405,613,396,627,398,641,393,660,400,679,416,662,421,644,425,630,427,615,427,597,426,589,420,613,411,628,411,642,409,671,415,642,409,629,410,614,410,0
169,540,333,553,325,569,322,585,328,571,335,554,338,655,321,669,312,686,311,701,316,688,324,672,325,595,434,610,425,623,427,637,422,655,427,674,436,659,447,642,454,627,456,613,456,597,453,587,444,610,438,624,439,638,436,667,437,640,437,626,439,612,439,0
170,540,339,552,332,567,329,583,333,569,338,554,341,652,325,666,317,681,317,697,321,683,327,668,328,591,431,609,423,624,426,639,420,659,425,678,434,663,446,644,453,628,455,613,455,594,452,583,443,610,436,625,435,640,433,671,435,641,435,627,437,612,437,0
171,547,336,559,330,573,327,589,331,575,336,560,339,656,327,670,321,686,322,700,326,686,331,671,331,590,429,605,421,618,424,632,419,649,425,667,434,651,444,634,448,620,450,606,450,591,447,583,438,605,434,618,434,632,432,659,434,633,432,619,434,606,434,0
172,550,335,562,329,577,327,593,332,578,337,563,339,665,329,678,323,694,323,708,328,695,334,679,334,596,435,612,429,627,432,641,427,658,432,677,444,660,453,643,457,628,459,613,458,597,455,588,445,612,442,627,443,641,441,670,443,642,440,628,442,613,441,0
173,583,324,598,318,615,316,632,322,616,326,598,328,707,319,722,313,739,313,754,318,740,324,723,324,638,440,657,434,672,438,687,432,704,437,723,447,707,457,689,463,674,465,658,464,638,460,627,449,657,447,672,448,687,446,715,447,689,446,674,448,659,447,0
174,563,372,573,363,589,360,605,364,591,370,576,374,676,356,690,347,706,347,721,352,708,358,692,359,616,470,631,460,646,462,659,456,678,460,698,472,683,481,666,487,651,490,637,491,619,490,609,482,633,474,647,473,661,471,690,471,663,471,649,474,635,474,0
175,578,349,591,342,607,340,623,345,607,351,591,353,695,341,709,334,726,334,740,340,727,346,710,346,628,454,644,447,660,450,673,445,690,449,710,460,693,470,676,476,662,478,647,478,630,476,619,465,645,460,660,460,673,458,702,460,675,459,661,461,646,461,0
176,542,363,544,350,557,350,571,358,559,364,547,366,618,355,630,341,647,340,664,348,650,355,632,357,549,447,556,440,566,442,578,439,603,447,631,461,606,477,583,482,569,483,558,483,551,478,556,464,559,458,568,458,580,457,621,461,579,461,567,462,557,462,0
177,557,318,568,308,584,305,600,312,585,318,569,321,667,307,681,298,698,299,711,307,699,312,682,312,602,406,619,397,633,399,647,394,666,401,684,416,668,423,651,427,636,428,622,429,604,427,595,420,619,411,634,411,648,410,676,415,649,409,635,411,621,411,0
178,547,335,559,328,574,326,590,331,575,336,559,338,660,326,673,320,690,320,704,325,690,331,674,331,592,432,607,426,622,429,636,424,653,428,672,440,655,449,638,453,624,455,608,454,592,452,585,442,607,438,622,439,637,437,664,439,637,437,623,439,608,438,0
179,516,353,529,346,546,343,563,349,547,356,530,358,640,341,654,332,672,330,689,333,674,342,657,344,576,470,592,463,609,466,624,460,644,462,666,469,649,487,630,497,613,499,595,499,577,494,569,481,593,476,610,477,626,474,659,471,627,476,611,479,595,478,0
180,515,334,525,325,540,322,557,326,542,333,527,336,628,316,641,307,657,305,673,310,659,317,642,318,563,430,577,422,592,424,606,417,627,421,650,431,632,441,612,448,597,451,582,451,567,450,557,441,579,435,593,434,608,431,643,432,609,432,595,435,581,435,0
181,548,327,561,320,577,319,594,325,578,330,561,331,665,324,680,318,696,318,711,324,697,329,680,329,595,432,615,426,630,430,643,426,660,431,681,440,662,450,644,454,630,455,615,454,596,449,583,440,614,439,629,440,643,439,674,440,644,439,630,440,616,439,0
182,558,330,571,324,587,322,603,326,589,332,572,334,674,324,689,319,705,319,718,325,705,329,689,329,609,434,628,426,642,429,655,424,672,431,688,443,674,453,658,458,644,460,629,460,610,457,600,446,627,440,642,441,656,439,680,443,657,441,643,443,629,442,0
183,564,337,576,331,592,329,609,334,594,340,577,342,679,333,694,328,710,328,724,334,710,340,694,340,612,441,628,435,641,439,655,435,672,440,691,451,674,460,656,465,642,466,628,465,611,461,603,451,627,447,641,449,655,447,684,450,656,449,642,450,628,448,0
184,572,371,586,364,603,361,620,367,603,372,587,374,691,363,706,357,724,358,739,364,724,369,707,368,625,474,642,466,657,469,671,465,689,469,707,480,691,489,674,494,658,496,643,496,625,493,615,484,642,479,657,480,672,477,700,479,673,478,658,480,643,480,0
185,602,369,616,362,632,361,647,369,632,373,615,373,717,371,731,363,747,365,759,373,747,377,732,376,651,477,670,471,682,474,695,471,711,477,726,489,712,495,696,498,682,498,669,497,651,495,639,487,669,482,681,484,695,483,719,487,696,485,683,485,670,484,0
186,526,404,527,395,538,393,551,395,541,402,531,406,600,383,609,372,624,370,641,373,628,379,613,383,546,488,552,483,561,485,572,480,597,482,625,488,603,504,584,511,570,514,560,516,552,512,553,500,556,496,564,495,576,493,616,490,577,494,565,496,556,497,0
187,654,355,656,346,664,345,674,349,665,353,657,355,711,343,720,332,732,331,746,337,733,342,720,344,647,415,652,410,658,412,667,410,688,415,712,423,688,436,669,441,659,442,652,441,648,435,652,423,653,419,659,420,668,419,705,424,668,428,659,429,653,428,0
188,583,352,591,340,603,336,618,343,606,346,593,349,678,331,690,320,705,319,720,326,706,329,692,330,616,407,626,398,639,397,653,393,674,397,701,409,679,414,660,418,646,421,633,423,621,424,614,419,628,409,641,407,655,405,694,408,657,407,644,410,631,411,0
189,628,382,641,378,656,377,671,384,656,387,641,387,738,387,752,382,768,384,781,390,767,393,752,392,664,486,681,482,695,486,709,482,727,488,744,497,727,507,708,512,694,512,679,510,663,504,654,493,680,493,694,495,708,495,738,498,709,496,695,496,681,494,0
190,610,388,623,383,638,380,655,383,640,387,625,389,724,379,738,375,753,374,766,378,753,382,739,383,664,484,682,477,696,479,709,475,725,479,744,489,729,498,713,503,699,505,684,505,666,502,654,494,682,488,696,489,710,487,737,488,712,488,699,489,684,489,0
191,550,353,552,346,562,348,572,357,562,359,552,358,616,361,626,352,642,352,658,359,643,363,627,363,541,438,547,436,555,439,566,437,591,445,617,458,591,474,568,479,555,479,546,476,541,465,546,449,549,447,556,449,567,450,608,458,566,462,555,461,547,458,0
192,649,359,664,350,681,351,693,364,681,366,664,365,745,366,757,356,771,357,777,367,771,371,758,370,713,456,733,448,743,452,752,449,762,457,767,470,761,475,752,478,742,479,730,478,712,475,697,467,732,463,742,463,752,463,762,467,752,463,741,464,731,463,0
193,613,392,625,387,640,386,656,390,641,395,626,396,723,388,736,383,752,383,765,388,752,393,737,393,658,493,673,487,688,491,703,486,719,491,736,502,721,512,704,517,689,519,673,518,657,514,650,503,673,499,688,501,703,499,730,502,703,500,689,501,674,500,0
194,627,364,641,359,656,357,673,361,658,366,642,367,746,360,760,355,776,355,791,360,777,365,761,364,677,470,695,462,709,466,723,461,741,467,759,479,743,489,726,494,710,495,696,494,678,491,667,481,695,476,709,477,723,475,751,479,725,477,710,478,696,477,0
195,618,379,632,374,649,372,664,377,649,383,633,385,736,373,750,366,767,365,782,370,768,377,752,378,673,485,691,476,704,479,717,474,734,480,752,490,737,502,719,507,705,509,691,509,673,506,663,495,690,491,703,492,717,490,745,491,719,490,705,491,692,491,0
196,601,294,611,287,624,285,636,292,625,296,612,297,689,290,700,282,713,282,723,289,713,293,700,293,639,370,652,364,662,366,673,363,686,367,699,378,687,384,674,387,663,389,652,389,639,387,631,379,652,374,662,374,673,373,693,377,673,374,663,375,652,375,0
197,603,323,612,317,625,315,637,320,625,325,612,326,692,316,703,309,716,309,727,314,717,319,704,319,640,402,652,395,664,397,674,393,687,398,703,408,690,415,677,419,666,421,654,421,641,419,636,411,652,406,664,406,675,405,697,407,676,405,665,407,653,406,0
198,521,270,531,261,546,259,561,268,546,272,531,273,631,264,643,255,659,255,674,263,660,267,643,267,558,370,572,363,587,366,600,361,618,366,638,378,620,386,603,391,589,392,574,392,559,389,551,379,573,375,587,376,601,374,631,378,602,375,588,376,574,376,0
199,625,293,640,283,658,284,674,296,658,300,639,300,740,295,754,283,772,282,786,292,774,299,756,300,677,406,695,402,708,406,723,401,739,406,755,414,740,425,724,430,709,432,695,430,677,425,665,414,694,413,708,415,723,413,748,414,724,414,709,415,695,414,0
200,536,264,549,259,565,258,581,263,566,266,550,267,652,260,667,254,682,255,697,260,683,264,668,264,584,366,602,360,617,364,631,359,649,363,668,371,650,381,633,387,618,389,602,388,584,383,573,373,602,372,617,373,631,372,661,372,632,372,618,373,603,372,0
201,561,303,576,296,593,296,611,305,593,309,576,309,678,304,694,296,711,297,724,304,711,309,694,309,611,408,629,403,643,407,658,403,675,408,694,418,676,429,659,433,644,434,628,433,610,428,599,418,628,415,643,417,657,415,687,417,658,416,644,417,629,415,0
202,555,319,569,313,585,312,601,318,585,323,569,324,670,318,684,312,700,312,714,318,701,324,685,323,603,427,619,422,634,426,647,422,663,427,681,436,665,447,649,452,634,453,619,451,602,446,594,436,618,434,633,436,648,435,675,436,649,435,635,436,620,435,0
203,565,332,579,324,596,324,613,333,596,338,578,338,682,332,697,323,714,323,727,331,715,338,698,338,619,443,636,437,650,441,664,436,681,442,697,451,681,462,664,466,649,467,635,466,618,461,608,451,635,449,650,450,664,449,690,451,664,449,650,450,636,449,0
204,604,285,615,282,627,282,639,287,626,289,614,289,688,292,701,290,713,293,723,299,712,300,699,297,635,350,647,344,655,346,664,345,677,353,689,367,676,373,663,374,654,373,645,372,634,368,628,360,647,356,655,357,664,357,683,365,663,360,655,360,646,359,0
205,600,211,613,202,631,201,647,210,631,217,613,218,708,206,724,194,741,194,755,202,743,210,725,211,656,304,670,299,681,301,691,298,706,302,724,309,708,318,694,320,682,321,672,321,657,320,646,313,671,309,681,310,692,308,717,310,692,308,682,310,671,309,0
206,635,233,647,227,662,226,676,234,662,238,647,239,729,236,742,229,756,231,766,239,756,242,742,241,686,314,701,310,710,312,719,310,731,315,743,324,731,328,719,329,710,329,700,328,686,328,674,322,700,320,710,321,719,320,737,322,719,318,710,319,701,318,0
207,644,302,659,295,678,293,696,302,678,308,659,309,765,303,783,295,801,297,815,305,801,311,783,310,703,412,722,406,733,409,745,406,761,413,779,422,762,434,745,437,733,437,721,436,703,431,691,420,721,419,733,420,744,419,771,422,745,421,733,421,722,419,0
208,629,302,643,292,663,290,681,300,663,307,643,309,750,296,767,284,787,284,803,293,788,301,768,301,693,406,709,399,722,401,734,398,752,403,772,413,754,423,737,426,725,427,712,426,694,424,682,416,710,411,723,412,735,410,764,413,735,411,724,412,711,411,0
209,643,304,657,293,676,291,693,300,676,307,657,309,761,295,778,284,796,284,811,293,797,300,779,300,706,397,722,389,734,391,747,387,765,394,785,405,768,415,752,419,739,421,726,421,709,419,698,410,723,403,735,403,748,402,776,405,749,401,737,403,725,403,0
210,598,275,608,267,620,265,633,270,621,276,609,278,682,266,694,259,707,259,718,266,708,270,695,270,641,337,652,331,660,332,669,329,682,334,698,343,684,348,672,349,664,350,655,351,643,351,636,346,653,340,661,340,670,339,692,342,671,339,662,340,654,340,0
211,691,279,701,270,716,269,728,277,716,282,702,284,779,274,792,265,806,265,817,272,807,278,793,278,736,350,748,345,756,347,765,344,779,349,794,356,780,362,768,363,758,364,750,364,737,363,727,358,749,354,757,354,766,353,788,356,766,352,757,353,749,353,0
212,583,318,594,312,608,312,621,319,608,323,594,323,672,319,685,311,699,312,711,318,700,324,685,324,623,398,634,394,643,396,652,394,665,398,682,404,666,410,653,411,644,411,635,410,623,409,614,403,634,402,643,403,653,403,675,405,653,401,644,402,635,401,0
213,598,319,609,312,623,312,635,321,622,325,608,325,685,320,697,312,711,313,721,320,711,325,697,325,639,398,651,393,660,395,668,392,681,397,694,404,681,410,669,411,660,412,651,411,639,410,631,404,651,402,660,403,668,402,689,404,669,401,660,402,651,401,0
214,596,324,607,318,620,317,633,324,620,329,606,329,683,323,695,315,708,315,719,321,709,327,695,327,639,401,650,396,659,398,667,395,680,400,694,408,682,415,669,417,661,418,651,417,640,415,632,408,650,405,659,406,668,405,689,407,669,405,660,406,651,405,0
215,589,330,598,324,612,323,624,329,612,334,599,335,674,324,685,316,698,316,709,321,699,328,686,328,632,404,643,399,652,401,660,398,674,400,690,404,677,412,664,415,655,417,646,417,634,415,626,409,644,407,653,408,661,406,684,405,663,406,654,407,645,407,0
216,604,324,615,318,628,317,641,323,629,327,615,328,690,321,702,314,716,314,726,320,716,325,703,325,648,399,660,394,668,396,677,393,690,397,704,404,691,411,680,414,670,415,661,414,649,413,640,406,660,404,669,404,678,403,698,404,679,402,669,403,661,403,0
217,609,181,621,171,639,170,655,179,639,185,621,187,721,176,737,166,755,167,769,176,755,182,737,182,659,277,673,273,685,275,695,272,713,276,735,284,715,292,699,293,688,293,676,292,660,292,650,285,674,282,685,283,696,282,727,284,697,281,687,282,675,281,0
218,606,184,619,175,636,174,652,184,636,190,618,190,721,184,737,174,755,175,769,184,755,191,737,190,656,285,671,280,683,283,694,281,711,286,731,297,712,304,695,306,684,306,673,304,656,302,646,294,671,292,683,293,694,292,722,296,694,292,684,292,672,291,0
219,615,227,626,217,644,215,660,225,645,232,627,234,725,218,740,205,759,203,774,211,761,221,742,222,670,322,684,316,695,318,705,314,724,316,746,321,728,334,711,339,700,341,688,341,673,339,663,329,685,326,696,327,707,325,739,322,708,325,698,327,686,327,0
220,622,250,635,244,652,243,667,251,652,256,635,257,726,249,740,240,755,241,768,247,756,254,741,254,676,343,691,336,701,339,711,335,723,340,738,348,724,356,712,359,702,360,691,359,677,357,666,349,691,347,701,348,711,346,731,348,711,345,702,346,691,346,0
221,604,237,616,231,631,230,644,239,630,243,615,243,699,241,712,234,727,235,737,243,726,248,712,247,648,321,663,317,672,320,681,318,693,324,708,332,694,339,681,340,671,340,662,338,648,336,638,328,662,327,672,329,681,328,702,332,681,328,672,328,663,326,0
222,616,240,626,231,640,229,654,235,641,241,627,243,707,231,721,223,735,223,747,230,736,235,721,235,661,311,673,304,682,305,691,303,706,307,724,315,708,323,694,325,685,327,675,327,663,326,656,320,674,314,683,314,692,313,717,316,693,314,683,315,674,315,0
223,623,311,633,304,647,303,659,310,647,315,633,316,709,308,721,299,735,300,745,307,736,313,722,312,665,386,676,381,684,382,692,380,705,385,719,395,706,402,694,404,686,405,677,405,666,404,660,396,677,391,684,391,693,390,713,395,693,394,685,395,677,395,1
224,626,215,640,206,658,206,674,216,658,222,639,223,736,214,753,204,771,204,784,212,772,220,753,220,680,316,695,311,706,313,717,310,734,316,752,323,735,333,719,336,707,337,696,336,680,333,671,323,695,321,706,323,718,322,744,324,718,321,707,322,696,321,1
225,653,237,666,233,680,235,691,244,677,246,663,243,744,255,757,250,771,254,780,263,768,265,755,261,682,323,695,321,703,325,713,325,724,332,738,341,720,344,707,342,698,340,689,337,677,333,671,327,693,329,702,332,711,333,731,340,710,332,701,331,692,328,1
226,668,302,683,295,702,295,719,305,701,310,682,309,789,310,807,303,826,306,839,315,824,320,805,318,716,408,734,402,746,406,758,404,775,412,793,424,773,433,756,433,744,432,731,431,714,426,705,416,733,415,745,417,757,417,785,423,757,417,745,417,733,415,1
227,619,291,630,285,645,285,657,294,644,299,629,299,705,293,717,284,732,284,742,291,733,298,718,298,661,373,673,370,681,372,689,370,701,374,715,380,701,388,690,389,681,390,673,389,661,386,654,378,673,378,680,379,689,378,709,380,689,379,681,379,673,378,1
228,603,280,613,272,628,270,641,279,627,284,613,285,691,276,702,267,717,267,727,274,717,280,703,280,648,354,661,349,670,350,678,347,690,352,705,360,692,368,680,370,672,370,662,370,649,369,641,362,661,358,670,359,679,357,699,360,679,358,671,359,662,359,1
229,613,263,623,256,637,255,649,261,637,265,623,266,701,262,712,256,726,258,736,266,725,268,712,267,652,340,665,330,673,332,682,330,695,340,701,363,694,381,682,391,673,392,664,391,651,382,650,361,665,343,673,343,682,343,695,362,682,374,673,375,664,374,1
230,628,277,638,271,652,270,665,276,652,281,638,282,717,276,730,270,743,271,754,278,743,282,730,282,670,353,682,349,691,351,700,349,712,354,726,362,713,367,700,367,692,367,682,367,669,365,661,360,682,358,691,359,700,359,721,362,700,356,691,357,682,356,1
231,637,269,647,261,661,260,673,268,661,272,647,273,723,268,736,261,749,262,759,270,749,274,736,273,676,339,688,333,696,335,704,333,717,339,732,350,718,354,706,355,697,355,688,354,677,353,670,348,688,343,696,344,705,344,726,349,705,343,697,343,688,343,1
232,629,274,639,265,654,266,666,276,652,279,638,279,717,277,730,268,745,268,756,278,745,283,730,282,663,353,675,349,684,352,692,350,706,356,721,366,706,371,693,371,684,370,675,369,663,368,656,361,675,358,684,360,693,360,715,365,693,359,684,359,675,358,1
233,612,280,622,273,635,272,647,278,635,283,622,284,695,277,707,270,720,271,730,278,720,282,707,282,650,348,661,344,669,346,677,344,690,348,705,356,691,362,678,362,670,362,662,362,650,361,643,355,661,352,669,353,677,353,699,356,678,351,670,352,661,351,1
234,611,284,620,278,634,277,647,283,634,289,620,289,697,282,708,275,722,275,733,282,723,287,709,287,652,357,663,352,671,354,679,351,692,356,706,365,693,371,681,371,673,372,664,371,653,370,645,364,663,361,671,362,680,361,700,365,680,360,672,361,664,360,1
235,701,284,709,276,723,272,737,278,724,285,711,288,787,270,799,260,814,259,827,264,816,272,801,273,747,353,756,347,765,348,773,345,788,347,807,353,792,360,779,363,770,365,762,365,751,365,743,360,758,356,767,356,775,354,800,353,776,352,768,354,759,354,1
236,685,291,695,284,710,283,722,290,710,295,695,296,772,285,785,276,799,275,812,281,801,287,787,288,731,367,741,363,750,365,759,362,772,365,789,369,774,377,762,379,752,380,744,379,732,378,723,373,742,371,751,371,760,370,783,370,760,369,751,370,743,370,1
237,649,299,658,294,670,291,682,294,671,300,659,302,731,288,743,283,755,283,766,286,756,291,744,292,692,365,701,359,710,360,718,357,732,361,748,367,735,375,723,379,713,380,705,380,694,378,686,373,702,368,711,368,720,367,742,368,721,366,712,368,704,367,1
238,635,316,644,308,658,306,671,313,659,319,645,321,720,304,731,293,745,291,758,295,748,304,734,307,686,390,696,385,705,386,712,382,726,383,742,386,729,398,718,402,709,404,701,405,689,404,681,396,697,392,706,392,714,390,736,387,715,390,707,392,699,393,1
239,636,296,646,289,659,287,672,294,660,299,646,301,720,289,731,280,745,279,757,285,747,292,733,293,681,367,691,362,700,363,707,360,721,364,736,371,723,379,711,382,702,383,694,383,682,381,675,375,692,370,700,371,708,369,730,371,709,370,701,371,693,371,1
240,645,264,654,254,667,250,680,257,668,262,656,264,726,252,738,243,750,243,761,251,751,254,738,254,687,317,697,308,705,309,713,306,727,312,742,323,730,331,718,334,710,335,701,336,690,335,683,329,699,321,707,320,714,318,736,323,716,321,708,322,700,323,1
241,652,313,662,307,675,307,687,313,675,316,662,317,737,314,748,309,761,310,771,316,761,320,748,319,691,389,703,384,711,386,719,384,731,390,745,398,732,404,720,405,711,405,702,404,690,402,683,395,702,393,711,395,720,394,739,398,720,393,712,394,703,393,1
242,591,319,601,311,615,310,627,318,615,323,601,324,677,315,689,306,703,306,714,312,704,319,690,319,636,395,646,392,654,393,663,391,675,394,690,400,676,406,664,407,656,407,648,407,637,407,628,402,647,399,655,400,663,399,684,400,664,398,655,399,647,398,1
243,592,320,602,312,615,311,627,318,615,323,602,324,676,315,688,307,701,308,713,315,702,320,688,319,633,393,642,388,650,390,658,387,671,392,686,399,673,405,661,407,653,407,645,407,634,406,627,401,643,397,651,398,659,397,680,399,659,396,651,397,643,396,1
244,635,270,643,263,655,259,668,261,657,267,645,270,718,255,730,251,742,252,753,256,743,259,730,259,678,329,688,322,697,323,706,320,719,324,735,335,723,341,711,343,702,344,692,345,681,345,672,341,689,333,699,333,708,331,729,335,709,331,700,332,690,332,1
245,623,308,632,299,645,297,658,301,646,308,633,311,707,291,718,281,732,278,745,282,735,290,720,293,672,375,682,370,692,370,700,366,714,366,732,368,719,380,706,385,698,387,688,388,676,388,667,382,684,377,693,376,701,374,727,370,703,375,695,377,686,378,1
246,688,273,700,267,715,264,729,270,716,276,700,278,786,264,800,256,815,256,828,261,817,268,801,268,746,356,756,349,765,350,773,347,786,351,801,357,789,365,776,368,767,369,759,369,748,370,740,364,758,359,766,358,774,357,795,358,775,354,766,356,758,356,1
247,595,301,606,294,621,294,633,303,620,306,605,307,684,303,697,295,711,295,721,303,711,308,697,308,636,380,649,376,658,379,668,377,681,381,695,388,681,396,668,397,658,397,649,396,636,393,627,386,649,384,658,386,668,385,689,388,668,386,658,386,649,385,1
248,586,297,596,290,610,288,623,295,610,300,596,301,674,291,686,283,699,283,711,289,700,294,687,294,640,369,650,362,659,363,666,360,679,364,693,371,682,379,670,382,662,383,653,384,642,384,635,378,651,373,659,372,667,370,687,370,669,370,661,371,653,372,1
249,597,302,608,296,622,295,634,303,621,307,608,307,685,304,697,297,711,298,722,305,711,309,697,308,636,377,648,372,657,374,665,372,678,378,693,387,679,393,666,395,657,395,648,394,636,391,628,384,648,382,657,383,665,382,687,386,665,382,657,383,648,382,1
250,581,317,590,310,603,308,616,314,604,319,591,321,666,310,677,303,691,303,701,309,691,314,678,314,625,390,636,385,644,387,653,384,666,387,681,394,668,402,656,404,647,405,639,405,627,404,619,398,637,394,645,395,654,393,675,394,654,393,646,394,637,394,1
251,636,307,645,301,658,299,670,303,658,308,646,310,721,302,732,297,745,298,754,304,745,307,732,306,677,375,688,370,697,371,705,369,717,373,731,382,718,385,707,386,698,386,690,386,678,386,669,382,689,378,697,379,705,378,726,381,706,377,698,378,689,377,1
252,638,311,649,305,663,305,676,313,662,317,648,317,725,314,737,306,751,307,762,314,752,319,738,318,678,388,691,384,699,386,707,384,720,389,734,396,720,402,708,404,699,404,690,403,678,401,670,394,690,393,699,394,707,393,728,396,708,393,699,393,691,392,1
253,596,309,607,301,621,300,634,309,621,313,607,314,682,308,694,300,708,300,718,308,708,313,694,313,640,384,653,378,662,380,670,378,682,383,696,392,683,398,672,399,663,400,654,399,641,398,632,392,653,388,662,389,670,388,690,391,671,388,662,389,654,388,1
254,606,309,617,302,631,302,643,309,630,313,616,314,694,308,705,301,719,301,730,309,720,313,706,312,647,392,660,386,668,388,676,385,689,391,700,406,690,419,678,423,669,424,660,423,648,418,643,405,660,396,668,397,677,396,694,405,677,412,669,413,660,412,1
255,598,309,609,303,622,301,634,308,622,312,608,313,686,306,698,299,712,300,723,306,712,311,699,310,640,384,652,379,661,381,669,379,683,383,698,390,684,396,671,398,662,399,654,399,641,397,633,391,652,388,661,389,670,388,692,390,670,388,662,388,653,388,1
256,614,307,624,301,638,300,650,307,638,311,624,312,701,308,713,301,727,302,737,309,727,314,713,313,654,382,666,377,674,380,683,378,695,383,708,393,695,398,683,399,674,399,666,398,654,397,646,390,666,387,674,388,683,388,702,392,683,387,674,387,666,386,1
257,612,313,622,306,635,305,648,312,635,316,622,317,697,312,708,305,721,306,731,313,721,317,708,316,653,385,665,380,674,382,682,379,694,384,708,393,695,399,684,400,675,401,666,400,653,399,645,392,665,390,674,390,682,390,703,392,683,389,675,389,666,389,1
258,597,179,611,169,630,168,647,179,630,185,611,187,714,177,731,165,750,166,764,176,750,183,732,183,655,281,671,276,682,278,694,276,711,280,732,287,713,293,696,293,684,294,673,293,655,293,643,288,672,287,683,287,694,286,724,287,695,282,683,282,672,282,1
259,637,236,649,227,667,227,681,238,665,243,648,243,743,238,758,228,775,228,789,237,776,244,758,244,682,334,697,330,708,332,719,330,734,335,752,344,735,354,719,355,708,355,697,353,682,350,672,342,697,340,708,342,719,341,745,344,719,342,708,342,697,340,1
260,648,230,658,222,671,220,685,226,672,232,658,233,737,222,749,215,762,215,773,222,763,227,749,226,694,303,706,298,716,299,723,297,736,300,753,307,739,312,726,312,718,313,709,313,696,313,686,310,707,306,716,306,724,305,747,307,725,303,717,304,708,304,1
261,609,304,617,295,629,291,642,295,631,302,619,306,689,280,699,270,713,267,726,270,716,278,703,281,659,362,667,354,676,353,683,349,698,349,717,353,704,364,692,369,684,372,675,374,665,375,657,371,670,363,678,361,686,358,711,355,688,358,680,361,672,363,1
262,609,304,621,297,635,297,646,305,634,309,620,309,697,307,709,300,723,300,733,308,723,313,709,312,648,379,661,375,669,377,678,376,690,381,705,388,690,394,677,395,668,395,660,394,647,392,637,385,661,384,669,385,678,385,699,388,677,384,669,384,660,383,1
263,646,319,657,313,672,313,684,321,671,325,657,325,732,319,744,311,757,311,768,318,758,324,745,324,691,397,703,392,711,394,720,392,732,397,744,404,733,412,721,413,712,414,703,413,691,411,682,404,703,401,711,402,720,401,739,404,721,402,712,403,703,402,1
264,606,307,617,300,631,301,643,309,630,313,616,313,693,311,705,303,719,304,729,312,719,317,705,316,644,386,656,382,664,384,673,382,685,388,699,396,685,399,673,399,664,399,656,399,643,398,636,393,656,391,664,392,673,392,694,395,673,389,664,390,656,389,1
265,597,324,607,317,621,317,633,325,620,329,606,330,682,324,693,315,707,315,718,322,708,328,694,328,639,401,651,396,660,398,668,396,680,400,694,408,682,415,670,417,661,418,652,417,640,415,632,408,651,406,660,407,668,405,688,408,669,406,661,406,652,406,1
266,589,328,599,320,613,319,626,327,614,332,599,334,675,322,687,313,701,312,713,318,703,325,688,326,634,404,644,399,653,401,661,397,674,401,689,407,676,415,664,418,656,419,647,419,635,417,628,411,645,408,653,408,662,407,683,407,663,407,654,408,646,408,1
267,595,311,604,304,617,302,630,309,617,314,604,315,679,307,691,300,705,301,716,307,705,312,692,311,634,381,645,375,654,376,662,374,676,379,691,389,677,394,664,396,656,396,647,396,635,395,628,390,646,385,654,386,663,385,685,388,663,384,655,385,646,384,1
268,636,247,645,239,658,237,671,242,659,248,646,250,720,239,732,232,745,233,754,239,745,244,732,243,685,311,696,305,705,306,713,303,725,308,739,317,727,321,716,322,708,323,699,324,687,324,677,320,697,314,705,314,714,313,734,316,715,312,707,313,698,313,1
269,633,271,642,264,653,261,666,265,654,269,643,271,715,262,727,257,738,258,749,264,738,266,726,265,672,329,682,322,691,323,699,320,711,326,727,336,714,341,702,343,694,343,685,344,674,344,666,340,683,333,692,333,700,332,721,336,701,331,693,332,684,332,1
270,638,323,650,316,664,316,676,324,664,329,649,329,725,318,736,308,751,306,763,310,753,319,739,320,690,402,701,398,709,400,718,396,730,397,744,399,733,410,721,416,712,418,703,418,692,415,683,408,701,406,710,406,719,404,739,400,720,404,711,406,703,406,1
271,575,318,585,311,599,310,612,317,599,323,585,323,662,315,674,306,688,306,699,312,689,319,675,319,618,394,629,390,638,391,647,389,660,393,676,399,662,406,649,408,640,409,631,408,619,407,611,401,630,398,639,399,647,398,670,399,648,398,639,399,631,398,1
272,607,309,618,303,632,302,644,309,631,314,617,315,697,308,709,300,723,300,735,307,723,312,709,312,647,387,660,383,669,385,678,383,692,386,709,391,693,399,680,400,670,401,661,400,648,399,639,393,660,391,669,392,678,391,703,391,679,390,670,391,661,391,1
273,623,311,633,304,647,303,659,310,647,315,633,316,709,308,721,299,735,300,745,307,736,313,722,312,665,386,676,381,684,382,692,380,705,385,719,395,706,402,694,404,686,405,677,405,666,404,660,396,677,391,684,391,693,390,713,395,693,394,685,395,677,395,1
