{"nm":"Comp 1","mn":"","layers":[{"ty":4,"nm":"Shape Layer 6","mn":"","sr":1,"st":-6.00000024438501,"op":372.000015151871,"ip":25.0000010182709,"hd":false,"cl":"","ln":"","ddd":0,"bm":0,"hasMask":false,"ao":0,"ks":{"a":{"a":0,"k":[0,31.75,0],"ix":1},"s":{"a":1,"k":[{"o":{"x":0.333,"y":0},"i":{"x":0.833,"y":1},"s":[0,0,100],"t":25},{"o":{"x":0.167,"y":0},"i":{"x":0.833,"y":1},"s":[119.25,136.286,100],"t":32},{"o":{"x":0.167,"y":0},"i":{"x":0.833,"y":1},"s":[86,98.286,100],"t":34},{"o":{"x":0.167,"y":0.167},"i":{"x":0.833,"y":0.833},"s":[100,114.286,100],"t":36.0000014663101}],"ix":6},"sk":{"a":0,"k":0},"p":{"a":1,"k":[{"o":{"x":0.333,"y":0},"i":{"x":0.667,"y":1},"s":[148,190.571,0],"t":25,"ti":[0,-1.667,0],"to":[0,1.667,0]},{"o":{"x":0.167,"y":0.167},"i":{"x":0.833,"y":0.833},"s":[148,200.571,0],"t":32.0000013033867}],"ix":2},"r":{"a":0,"k":0,"ix":10},"sa":{"a":0,"k":0},"o":{"a":0,"k":100,"ix":11}},"ef":[],"shapes":[{"ty":"gr","bm":0,"cl":"","ln":"","hd":false,"mn":"ADBE Vector Group","nm":"Ellipse 1","ix":1,"cix":2,"np":3,"it":[{"ty":"el","bm":0,"cl":"","ln":"","hd":false,"mn":"ADBE Vector Shape - Ellipse","nm":"Ellipse Path 1","d":1,"p":{"a":0,"k":[0,0],"ix":3},"s":{"a":0,"k":[20,20],"ix":2}},{"ty":"fl","bm":0,"cl":"","ln":"","hd":false,"mn":"ADBE Vector Graphic - Fill","nm":"Fill 1","c":{"a":0,"k":[1,1,1],"ix":4},"r":1,"o":{"a":0,"k":100,"ix":5}},{"ty":"tr","a":{"a":0,"k":[0,0],"ix":1},"s":{"a":0,"k":[100,100],"ix":3},"sk":{"a":0,"k":0,"ix":4},"p":{"a":0,"k":[0,40.5],"ix":2},"r":{"a":0,"k":0,"ix":6},"sa":{"a":0,"k":0,"ix":5},"o":{"a":0,"k":100,"ix":7}}]}],"ind":1},{"ty":4,"nm":"Shape Layer 5","mn":"","sr":1,"st":-4.00000016292334,"op":374.000015233332,"ip":19.0000007738859,"hd":false,"cl":"","ln":"","ddd":0,"bm":0,"hasMask":true,"ao":0,"ks":{"a":{"a":0,"k":[0,78.156,0],"ix":1},"s":{"a":1,"k":[{"o":{"x":0.333,"y":0},"i":{"x":0.833,"y":1},"s":[52.459,2.459,100],"t":19},{"o":{"x":0.167,"y":0},"i":{"x":0.833,"y":1},"s":[52.459,61.459,100],"t":27},{"o":{"x":0.167,"y":0},"i":{"x":0.833,"y":1},"s":[52.459,45.459,100],"t":30.5},{"o":{"x":0.167,"y":0.167},"i":{"x":0.833,"y":0.833},"s":[52.459,52.459,100],"t":34.0000013848484}],"ix":6},"sk":{"a":0,"k":0},"p":{"a":0,"k":[149,187.5,0],"ix":2},"r":{"a":0,"k":0,"ix":10},"sa":{"a":0,"k":0},"o":{"a":0,"k":100,"ix":11}},"ef":[],"masksProperties":[{"nm":"Mask 1","mn":"","inv":false,"mode":"f","x":{"a":0,"k":0,"ix":4},"o":{"a":0,"k":100,"ix":3},"pt":{"a":0,"k":{"c":true,"i":[[-3.805,13.022],[-0.092,37.927],[0,-49.691],[-4.587,-15.298]],"o":[[3.996,-13.582],[0,-49.932],[0,37.689],[4.06,13.26]],"v":[[10.277,74.31],[31.587,-36.638],[-30.587,-36.638],[-9.624,74.31]]},"ix":1}}],"shapes":[{"ty":"gr","bm":0,"cl":"","ln":"","hd":false,"mn":"ADBE Vector Group","nm":"Rectangle 1","ix":1,"cix":2,"np":3,"it":[{"ty":"rc","bm":0,"cl":"","ln":"","hd":false,"mn":"ADBE Vector Shape - Rect","nm":"Rectangle Path 1","d":1,"p":{"a":0,"k":[0,0],"ix":3},"r":{"a":0,"k":0,"ix":4},"s":{"a":0,"k":[234,260],"ix":2}},{"ty":"fl","bm":0,"cl":"","ln":"","hd":false,"mn":"ADBE Vector Graphic - Fill","nm":"Fill 1","c":{"a":0,"k":[1,1,1],"ix":4},"r":1,"o":{"a":0,"k":100,"ix":5}},{"ty":"tr","a":{"a":0,"k":[0,0],"ix":1},"s":{"a":0,"k":[100,100],"ix":3},"sk":{"a":0,"k":0,"ix":4},"p":{"a":0,"k":[5,1.5],"ix":2},"r":{"a":0,"k":0,"ix":6},"sa":{"a":0,"k":0,"ix":5},"o":{"a":0,"k":100,"ix":7}}]}],"ind":2},{"ty":4,"nm":"Shape Layer 3","mn":"","sr":1,"st":7.00000028511585,"op":385.000015681372,"ip":7.00000028511585,"hd":false,"cl":"","ln":"","ddd":0,"bm":0,"hasMask":false,"ao":0,"ks":{"a":{"a":0,"k":[-4,-8.5,0],"ix":1},"s":{"a":1,"k":[{"o":{"x":0.48,"y":0},"i":{"x":0.471,"y":1},"s":[0,0,100],"t":7},{"o":{"x":0.167,"y":0.167},"i":{"x":0.833,"y":0.833},"s":[78.151,78.151,100],"t":25.0000010182709}],"ix":6},"sk":{"a":0,"k":0},"p":{"a":0,"k":[150,167,0],"ix":2},"r":{"a":0,"k":0,"ix":10},"sa":{"a":0,"k":0},"o":{"a":0,"k":100,"ix":11}},"ef":[],"shapes":[{"ty":"gr","bm":0,"cl":"","ln":"","hd":false,"mn":"ADBE Vector Group","nm":"Ellipse 1","ix":1,"cix":2,"np":3,"it":[{"ty":"el","bm":0,"cl":"","ln":"","hd":false,"mn":"ADBE Vector Shape - Ellipse","nm":"Ellipse Path 1","d":1,"p":{"a":0,"k":[0,0],"ix":3},"s":{"a":0,"k":[238,238],"ix":2}},{"ty":"fl","bm":0,"cl":"","ln":"","hd":false,"mn":"ADBE Vector Graphic - Fill","nm":"Fill 1","c":{"a":0,"k":[1,0.2,0.2275],"ix":4},"r":1,"o":{"a":0,"k":100,"ix":5}},{"ty":"tr","a":{"a":0,"k":[0,0],"ix":1},"s":{"a":0,"k":[100,100],"ix":3},"sk":{"a":0,"k":0,"ix":4},"p":{"a":0,"k":[-4,-8.5],"ix":2},"r":{"a":0,"k":0,"ix":6},"sa":{"a":0,"k":0,"ix":5},"o":{"a":0,"k":100,"ix":7}}]}],"ind":3},{"ty":4,"nm":"Shape Layer 2","mn":"","sr":1,"st":3.00000012219251,"op":381.000015518448,"ip":3.00000012219251,"hd":false,"cl":"","ln":"","ddd":0,"bm":0,"hasMask":false,"ao":0,"ks":{"a":{"a":0,"k":[-4,-8.5,0],"ix":1},"s":{"a":1,"k":[{"o":{"x":0.48,"y":0},"i":{"x":0.471,"y":1},"s":[0,0,100],"t":3},{"o":{"x":0.167,"y":0.167},"i":{"x":0.833,"y":0.833},"s":[96.639,96.639,100],"t":21.0000008553475}],"ix":6},"sk":{"a":0,"k":0},"p":{"a":0,"k":[150,167,0],"ix":2},"r":{"a":0,"k":0,"ix":10},"sa":{"a":0,"k":0},"o":{"a":0,"k":20,"ix":11}},"ef":[],"shapes":[{"ty":"gr","bm":0,"cl":"","ln":"","hd":false,"mn":"ADBE Vector Group","nm":"Ellipse 1","ix":1,"cix":2,"np":3,"it":[{"ty":"el","bm":0,"cl":"","ln":"","hd":false,"mn":"ADBE Vector Shape - Ellipse","nm":"Ellipse Path 1","d":1,"p":{"a":0,"k":[0,0],"ix":3},"s":{"a":0,"k":[238,238],"ix":2}},{"ty":"fl","bm":0,"cl":"","ln":"","hd":false,"mn":"ADBE Vector Graphic - Fill","nm":"Fill 1","c":{"a":0,"k":[0.9294,0.2745,0.2941],"ix":4},"r":1,"o":{"a":0,"k":100,"ix":5}},{"ty":"tr","a":{"a":0,"k":[0,0],"ix":1},"s":{"a":0,"k":[100,100],"ix":3},"sk":{"a":0,"k":0,"ix":4},"p":{"a":0,"k":[-4,-8.5],"ix":2},"r":{"a":0,"k":0,"ix":6},"sa":{"a":0,"k":0,"ix":5},"o":{"a":0,"k":100,"ix":7}}]}],"ind":4},{"ty":4,"nm":"Shape Layer 1","mn":"","sr":1,"st":0,"op":378.000015396256,"ip":0,"hd":false,"cl":"","ln":"","ddd":0,"bm":0,"hasMask":false,"ao":0,"ks":{"a":{"a":0,"k":[-4,-8.5,0],"ix":1},"s":{"a":1,"k":[{"o":{"x":0.48,"y":0},"i":{"x":0.471,"y":1},"s":[0,0,100],"t":0},{"o":{"x":0.167,"y":0.167},"i":{"x":0.833,"y":0.833},"s":[110.084,110.084,100],"t":18.000000733155}],"ix":6},"sk":{"a":0,"k":0},"p":{"a":0,"k":[150,167,0],"ix":2},"r":{"a":0,"k":0,"ix":10},"sa":{"a":0,"k":0},"o":{"a":0,"k":10,"ix":11}},"ef":[],"shapes":[{"ty":"gr","bm":0,"cl":"","ln":"","hd":false,"mn":"ADBE Vector Group","nm":"Ellipse 1","ix":1,"cix":2,"np":3,"it":[{"ty":"el","bm":0,"cl":"","ln":"","hd":false,"mn":"ADBE Vector Shape - Ellipse","nm":"Ellipse Path 1","d":1,"p":{"a":0,"k":[0,0],"ix":3},"s":{"a":0,"k":[238,238],"ix":2}},{"ty":"fl","bm":0,"cl":"","ln":"","hd":false,"mn":"ADBE Vector Graphic - Fill","nm":"Fill 1","c":{"a":0,"k":[0.9725,0.0627,0.0941],"ix":4},"r":1,"o":{"a":0,"k":100,"ix":5}},{"ty":"tr","a":{"a":0,"k":[0,0],"ix":1},"s":{"a":0,"k":[100,100],"ix":3},"sk":{"a":0,"k":0,"ix":4},"p":{"a":0,"k":[-4,-8.5],"ix":2},"r":{"a":0,"k":0,"ix":6},"sa":{"a":0,"k":0,"ix":5},"o":{"a":0,"k":100,"ix":7}}]}],"ind":5}],"ddd":0,"h":335,"w":300,"meta":{"a":"","k":"","d":"","g":"@lottiefiles/toolkit-js 0.22.1","tc":"#000000"},"v":"5.5.10","fr":29.9700012207031,"op":75.0000030548126,"ip":0,"assets":[]}